﻿<?xml version="1.0" encoding="utf-8" ?>
<webParts>
  <webPart xmlns="http://schemas.microsoft.com/WebPart/v3">
    <metaData>
      <type name="[REPLACEPROJECTNAME].Web.UI.WebControls.[REPLACEWEBPARTFILENAME], [REPLACEPROJECTNAME], Version=1.0.0.0, Culture=neutral, PublicKeyToken=4623235946e3a5b5" />
      <importErrorMessage>Error importing the Web Part.</importErrorMessage>
    </metaData>
    <data>
      <properties>
        <property name="Title" type="string">[REPLACEWEBPARTTITLE]</property>
        <property name="Description" type="string">[REPLACEWEBPARTDESCRIPTION]</property>        
      </properties>
    </data>
  </webPart>
</webParts>